,filename,class
0,0-inap-mask.jpg,inappropriate_mask
1,1-inap-mask.jpg,inappropriate_mask
2,10-inap-mask.jpg,inappropriate_mask
3,100-inap-mask.jpg,inappropriate_mask
4,101-inap-mask.jpg,inappropriate_mask
5,102-inap-mask.jpg,inappropriate_mask
6,104-inap-mask.jpg,inappropriate_mask
7,105-inap-mask.jpg,inappropriate_mask
8,106-inap-mask.jpg,inappropriate_mask
9,107-inap-mask.jpg,inappropriate_mask
10,108-inap-mask.jpg,inappropriate_mask
11,109-inap-mask.jpg,inappropriate_mask
12,11-inap-mask.jpg,inappropriate_mask
13,110-inap-mask.jpg,inappropriate_mask
14,111-inap-mask.jpg,inappropriate_mask
15,112-inap-mask.jpg,inappropriate_mask
16,114-inap-mask.jpg,inappropriate_mask
17,115-inap-mask.jpg,inappropriate_mask
18,116-inap-mask.jpg,inappropriate_mask
19,117-inap-mask.jpg,inappropriate_mask
20,118-inap-mask.jpg,inappropriate_mask
21,119-inap-mask.jpg,inappropriate_mask
22,12-inap-mask.jpg,inappropriate_mask
23,120-inap-mask.jpg,inappropriate_mask
24,122-inap-mask.jpg,inappropriate_mask
25,123-inap-mask.jpg,inappropriate_mask
26,124-inap-mask.jpg,inappropriate_mask
27,125-inap-mask.jpg,inappropriate_mask
28,127-inap-mask.jpg,inappropriate_mask
29,128-inap-mask.jpg,inappropriate_mask
30,129-inap-mask.jpg,inappropriate_mask
31,13-inap-mask.jpg,inappropriate_mask
32,130-inap-mask.jpg,inappropriate_mask
33,131-inap-mask.jpg,inappropriate_mask
34,132-inap-mask.jpg,inappropriate_mask
35,133-inap-mask.jpg,inappropriate_mask
36,134-inap-mask.jpg,inappropriate_mask
37,135-inap-mask.jpg,inappropriate_mask
38,136-inap-mask.jpg,inappropriate_mask
39,137-inap-mask.jpg,inappropriate_mask
40,138-inap-mask.jpg,inappropriate_mask
41,139-inap-mask.jpg,inappropriate_mask
42,14-inap-mask.jpg,inappropriate_mask
43,140-inap-mask.jpg,inappropriate_mask
44,141-inap-mask.jpg,inappropriate_mask
45,142-inap-mask.jpg,inappropriate_mask
46,143-inap-mask.jpg,inappropriate_mask
47,145-inap-mask.jpg,inappropriate_mask
48,146-inap-mask.jpg,inappropriate_mask
49,148-inap-mask.jpg,inappropriate_mask
50,149-inap-mask.jpg,inappropriate_mask
51,15-inap-mask.jpg,inappropriate_mask
52,151-inap-mask.jpg,inappropriate_mask
53,152-inap-mask.jpg,inappropriate_mask
54,153-inap-mask.jpg,inappropriate_mask
55,154-inap-mask.jpg,inappropriate_mask
56,155-inap-mask.jpg,inappropriate_mask
57,156-inap-mask.jpg,inappropriate_mask
58,157-inap-mask.jpg,inappropriate_mask
59,158-inap-mask.jpg,inappropriate_mask
60,159-inap-mask.jpg,inappropriate_mask
61,16-inap-mask.jpg,inappropriate_mask
62,160-inap-mask.jpg,inappropriate_mask
63,161-inap-mask.jpg,inappropriate_mask
64,162-inap-mask.jpg,inappropriate_mask
65,163-inap-mask.jpg,inappropriate_mask
66,164-inap-mask.jpg,inappropriate_mask
67,166-inap-mask.jpg,inappropriate_mask
68,168-inap-mask.jpg,inappropriate_mask
69,169-inap-mask.jpg,inappropriate_mask
70,17-inap-mask.jpg,inappropriate_mask
71,170-inap-mask.jpg,inappropriate_mask
72,171-inap-mask.jpg,inappropriate_mask
73,172-inap-mask.jpg,inappropriate_mask
74,173-inap-mask.jpg,inappropriate_mask
75,174-inap-mask.jpg,inappropriate_mask
76,175-inap-mask.jpg,inappropriate_mask
77,176-inap-mask.jpg,inappropriate_mask
78,177-inap-mask.jpg,inappropriate_mask
79,178-inap-mask.jpg,inappropriate_mask
80,179-inap-mask.jpg,inappropriate_mask
81,18-inap-mask.jpg,inappropriate_mask
82,180-inap-mask.jpg,inappropriate_mask
83,181-inap-mask.jpg,inappropriate_mask
84,183-inap-mask.jpg,inappropriate_mask
85,184-inap-mask.jpg,inappropriate_mask
86,185-inap-mask.jpg,inappropriate_mask
87,186-inap-mask.jpg,inappropriate_mask
88,187-inap-mask.jpg,inappropriate_mask
89,19-inap-mask.jpg,inappropriate_mask
90,191-inap-mask.jpg,inappropriate_mask
91,192-inap-mask.jpg,inappropriate_mask
92,193-inap-mask.jpg,inappropriate_mask
93,194-inap-mask.jpg,inappropriate_mask
94,195-inap-mask.jpg,inappropriate_mask
95,196-inap-mask.jpg,inappropriate_mask
96,197-inap-mask.jpg,inappropriate_mask
97,198-inap-mask.jpg,inappropriate_mask
98,2-inap-mask.jpg,inappropriate_mask
99,20-inap-mask.jpg,inappropriate_mask
100,201-inap-mask.jpg,inappropriate_mask
101,203-inap-mask.jpg,inappropriate_mask
102,204-inap-mask.jpg,inappropriate_mask
103,206-inap-mask.jpg,inappropriate_mask
104,207-inap-mask.jpg,inappropriate_mask
105,208-inap-mask.jpg,inappropriate_mask
106,210-inap-mask.jpg,inappropriate_mask
107,211-inap-mask.jpg,inappropriate_mask
108,212-inap-mask.jpg,inappropriate_mask
109,213-inap-mask.jpg,inappropriate_mask
110,214-inap-mask.jpg,inappropriate_mask
111,215-inap-mask.jpg,inappropriate_mask
112,216-inap-mask.jpg,inappropriate_mask
113,217-inap-mask.jpg,inappropriate_mask
114,218-inap-mask.jpg,inappropriate_mask
115,22-inap-mask.jpg,inappropriate_mask
116,220-inap-mask.jpg,inappropriate_mask
117,221-inap-mask.jpg,inappropriate_mask
118,222-inap-mask.jpg,inappropriate_mask
119,223-inap-mask.jpg,inappropriate_mask
120,224-inap-mask.jpg,inappropriate_mask
121,225-inap-mask.jpg,inappropriate_mask
122,226-inap-mask.jpg,inappropriate_mask
123,227-inap-mask.jpg,inappropriate_mask
124,228-inap-mask.jpg,inappropriate_mask
125,229-inap-mask.jpg,inappropriate_mask
126,23-inap-mask.jpg,inappropriate_mask
127,230-inap-mask.jpg,inappropriate_mask
128,231-inap-mask.jpg,inappropriate_mask
129,232-inap-mask.jpg,inappropriate_mask
130,233-inap-mask.jpg,inappropriate_mask
131,234-inap-mask.jpg,inappropriate_mask
132,237-inap-mask.jpg,inappropriate_mask
133,239-inap-mask.jpg,inappropriate_mask
134,24-inap-mask.jpg,inappropriate_mask
135,240-inap-mask.jpg,inappropriate_mask
136,241-inap-mask.jpg,inappropriate_mask
137,242-inap-mask.jpg,inappropriate_mask
138,243-inap-mask.jpg,inappropriate_mask
139,244-inap-mask.jpg,inappropriate_mask
140,246-inap-mask.jpg,inappropriate_mask
141,247-inap-mask.jpg,inappropriate_mask
142,248-inap-mask.jpg,inappropriate_mask
143,249-inap-mask.jpg,inappropriate_mask
144,250-inap-mask.jpg,inappropriate_mask
145,251-inap-mask.jpg,inappropriate_mask
146,252-inap-mask.jpg,inappropriate_mask
147,253-inap-mask.jpg,inappropriate_mask
148,254-inap-mask.jpg,inappropriate_mask
149,255-inap-mask.jpg,inappropriate_mask
150,256-inap-mask.jpg,inappropriate_mask
151,258-inap-mask.jpg,inappropriate_mask
152,259-inap-mask.jpg,inappropriate_mask
153,26-inap-mask.jpg,inappropriate_mask
154,260-inap-mask.jpg,inappropriate_mask
155,261-inap-mask.jpg,inappropriate_mask
156,262-inap-mask.jpg,inappropriate_mask
157,263-inap-mask.jpg,inappropriate_mask
158,264-inap-mask.jpg,inappropriate_mask
159,265-inap-mask.jpg,inappropriate_mask
160,266-inap-mask.jpg,inappropriate_mask
161,267-inap-mask.jpg,inappropriate_mask
162,269-inap-mask.jpg,inappropriate_mask
163,27-inap-mask.jpg,inappropriate_mask
164,270-inap-mask.jpg,inappropriate_mask
165,271-inap-mask.jpg,inappropriate_mask
166,275-inap-mask.jpg,inappropriate_mask
167,276-inap-mask.jpg,inappropriate_mask
168,278-inap-mask.jpg,inappropriate_mask
169,280-inap-mask.jpg,inappropriate_mask
170,281-inap-mask.jpg,inappropriate_mask
171,282-inap-mask.jpg,inappropriate_mask
172,283-inap-mask.jpg,inappropriate_mask
173,284-inap-mask.jpg,inappropriate_mask
174,285-inap-mask.jpg,inappropriate_mask
175,286-inap-mask.jpg,inappropriate_mask
176,287-inap-mask.jpg,inappropriate_mask
177,288-inap-mask.jpg,inappropriate_mask
178,289-inap-mask.jpg,inappropriate_mask
179,29-inap-mask.jpg,inappropriate_mask
180,290-inap-mask.jpg,inappropriate_mask
181,291-inap-mask.jpg,inappropriate_mask
182,292-inap-mask.jpg,inappropriate_mask
183,293-inap-mask.jpg,inappropriate_mask
184,294-inap-mask.jpg,inappropriate_mask
185,295-inap-mask.jpg,inappropriate_mask
186,297-inap-mask.jpg,inappropriate_mask
187,298-inap-mask.jpg,inappropriate_mask
188,299-inap-mask.jpg,inappropriate_mask
189,3-inap-mask.jpg,inappropriate_mask
190,30-inap-mask.jpg,inappropriate_mask
191,300-inap-mask.jpg,inappropriate_mask
192,301-inap-mask.jpg,inappropriate_mask
193,302-inap-mask.jpg,inappropriate_mask
194,303-inap-mask.jpg,inappropriate_mask
195,306-inap-mask.jpg,inappropriate_mask
196,307-inap-mask.jpg,inappropriate_mask
197,308-inap-mask.jpg,inappropriate_mask
198,309-inap-mask.jpg,inappropriate_mask
199,31-inap-mask.jpg,inappropriate_mask
200,310-inap-mask.jpg,inappropriate_mask
201,311-inap-mask.jpg,inappropriate_mask
202,312-inap-mask.jpg,inappropriate_mask
203,315-inap-mask.jpg,inappropriate_mask
204,316-inap-mask.jpg,inappropriate_mask
205,317-inap-mask.jpg,inappropriate_mask
206,318-inap-mask.jpg,inappropriate_mask
207,319-inap-mask.jpg,inappropriate_mask
208,32-inap-mask.jpg,inappropriate_mask
209,321-inap-mask.jpg,inappropriate_mask
210,322-inap-mask.jpg,inappropriate_mask
211,323-inap-mask.jpg,inappropriate_mask
212,324-inap-mask.jpg,inappropriate_mask
213,325-inap-mask.jpg,inappropriate_mask
214,326-inap-mask.jpg,inappropriate_mask
215,327-inap-mask.jpg,inappropriate_mask
216,328-inap-mask.jpg,inappropriate_mask
217,329-inap-mask.jpg,inappropriate_mask
218,33-inap-mask.jpg,inappropriate_mask
219,330-inap-mask.jpg,inappropriate_mask
220,331-inap-mask.jpg,inappropriate_mask
221,332-inap-mask.jpg,inappropriate_mask
222,334-inap-mask.jpg,inappropriate_mask
223,335-inap-mask.jpg,inappropriate_mask
224,336-inap-mask.jpg,inappropriate_mask
225,337-inap-mask.jpg,inappropriate_mask
226,338-inap-mask.jpg,inappropriate_mask
227,339-inap-mask.jpg,inappropriate_mask
228,34-inap-mask.jpg,inappropriate_mask
229,340-inap-mask.jpg,inappropriate_mask
230,341-inap-mask.jpg,inappropriate_mask
231,344-inap-mask.jpg,inappropriate_mask
232,345-inap-mask.jpg,inappropriate_mask
233,347-inap-mask.jpg,inappropriate_mask
234,348-inap-mask.jpg,inappropriate_mask
235,349-inap-mask.jpg,inappropriate_mask
236,350-inap-mask.jpg,inappropriate_mask
237,351-inap-mask.jpg,inappropriate_mask
238,352-inap-mask.jpg,inappropriate_mask
239,353-inap-mask.jpg,inappropriate_mask
240,355-inap-mask.jpg,inappropriate_mask
241,356-inap-mask.jpg,inappropriate_mask
242,359-inap-mask.jpg,inappropriate_mask
243,36-inap-mask.jpg,inappropriate_mask
244,360-inap-mask.jpg,inappropriate_mask
245,361-inap-mask.jpg,inappropriate_mask
246,362-inap-mask.jpg,inappropriate_mask
247,363-inap-mask.jpg,inappropriate_mask
248,364-inap-mask.jpg,inappropriate_mask
249,365-inap-mask.jpg,inappropriate_mask
250,367-inap-mask.jpg,inappropriate_mask
251,368-inap-mask.jpg,inappropriate_mask
252,37-inap-mask.jpg,inappropriate_mask
253,370-inap-mask.jpg,inappropriate_mask
254,372-inap-mask.jpg,inappropriate_mask
255,373-inap-mask.jpg,inappropriate_mask
256,374-inap-mask.jpg,inappropriate_mask
257,375-inap-mask.jpg,inappropriate_mask
258,376-inap-mask.jpg,inappropriate_mask
259,378-inap-mask.jpg,inappropriate_mask
260,379-inap-mask.jpg,inappropriate_mask
261,383-inap-mask.jpg,inappropriate_mask
262,384-inap-mask.jpg,inappropriate_mask
263,385-inap-mask.jpg,inappropriate_mask
264,386-inap-mask.jpg,inappropriate_mask
265,387-inap-mask.jpg,inappropriate_mask
266,388-inap-mask.jpg,inappropriate_mask
267,39-inap-mask.jpg,inappropriate_mask
268,390-inap-mask.jpg,inappropriate_mask
269,391-inap-mask.jpg,inappropriate_mask
270,392-inap-mask.jpg,inappropriate_mask
271,393-inap-mask.jpg,inappropriate_mask
272,394-inap-mask.jpg,inappropriate_mask
273,395-inap-mask.jpg,inappropriate_mask
274,397-inap-mask.jpg,inappropriate_mask
275,398-inap-mask.jpg,inappropriate_mask
276,399-inap-mask.jpg,inappropriate_mask
277,4-inap-mask.jpg,inappropriate_mask
278,40-inap-mask.jpg,inappropriate_mask
279,400-inap-mask.jpg,inappropriate_mask
280,401-inap-mask.jpg,inappropriate_mask
281,402-inap-mask.jpg,inappropriate_mask
282,403-inap-mask.jpg,inappropriate_mask
283,404-inap-mask.jpg,inappropriate_mask
284,405-inap-mask.jpg,inappropriate_mask
285,406-inap-mask.jpg,inappropriate_mask
286,407-inap-mask.jpg,inappropriate_mask
287,408-inap-mask.jpg,inappropriate_mask
288,409-inap-mask.jpg,inappropriate_mask
289,410-inap-mask.jpg,inappropriate_mask
290,411-inap-mask.jpg,inappropriate_mask
291,412-inap-mask.jpg,inappropriate_mask
292,413-inap-mask.jpg,inappropriate_mask
293,414-inap-mask.jpg,inappropriate_mask
294,415-inap-mask.jpg,inappropriate_mask
295,416-inap-mask.jpg,inappropriate_mask
296,417-inap-mask.jpg,inappropriate_mask
297,419-inap-mask.jpg,inappropriate_mask
298,42-inap-mask.jpg,inappropriate_mask
299,420-inap-mask.jpg,inappropriate_mask
300,421-inap-mask.jpg,inappropriate_mask
301,422-inap-mask.jpg,inappropriate_mask
302,423-inap-mask.jpg,inappropriate_mask
303,425-inap-mask.jpg,inappropriate_mask
304,426-inap-mask.jpg,inappropriate_mask
305,427-inap-mask.jpg,inappropriate_mask
306,428-inap-mask.jpg,inappropriate_mask
307,43-inap-mask.jpg,inappropriate_mask
308,430-inap-mask.jpg,inappropriate_mask
309,431-inap-mask.jpg,inappropriate_mask
310,432-inap-mask.jpg,inappropriate_mask
311,434-inap-mask.jpg,inappropriate_mask
312,435-inap-mask.jpg,inappropriate_mask
313,436-inap-mask.jpg,inappropriate_mask
314,437-inap-mask.jpg,inappropriate_mask
315,438-inap-mask.jpg,inappropriate_mask
316,439-inap-mask.jpg,inappropriate_mask
317,44-inap-mask.jpg,inappropriate_mask
318,440-inap-mask.jpg,inappropriate_mask
319,441-inap-mask.jpg,inappropriate_mask
320,442-inap-mask.jpg,inappropriate_mask
321,443-inap-mask.jpg,inappropriate_mask
322,444-inap-mask.jpg,inappropriate_mask
323,445-inap-mask.jpg,inappropriate_mask
324,446-inap-mask.jpg,inappropriate_mask
325,447-inap-mask.jpg,inappropriate_mask
326,448-inap-mask.jpg,inappropriate_mask
327,449-inap-mask.jpg,inappropriate_mask
328,45-inap-mask.jpg,inappropriate_mask
329,450-inap-mask.jpg,inappropriate_mask
330,451-inap-mask.jpg,inappropriate_mask
331,452-inap-mask.jpg,inappropriate_mask
332,453-inap-mask.jpg,inappropriate_mask
333,454-inap-mask.jpg,inappropriate_mask
334,455-inap-mask.jpg,inappropriate_mask
335,456-inap-mask.jpg,inappropriate_mask
336,457-inap-mask.jpg,inappropriate_mask
337,458-inap-mask.jpg,inappropriate_mask
338,459-inap-mask.jpg,inappropriate_mask
339,46-inap-mask.jpg,inappropriate_mask
340,460-inap-mask.jpg,inappropriate_mask
341,461-inap-mask.jpg,inappropriate_mask
342,462-inap-mask.jpg,inappropriate_mask
343,463-inap-mask.jpg,inappropriate_mask
344,464-inap-mask.jpg,inappropriate_mask
345,465-inap-mask.jpg,inappropriate_mask
346,466-inap-mask.jpg,inappropriate_mask
347,467-inap-mask.jpg,inappropriate_mask
348,468-inap-mask.jpg,inappropriate_mask
349,469-inap-mask.jpg,inappropriate_mask
350,47-inap-mask.jpg,inappropriate_mask
351,475-inap-mask.jpg,inappropriate_mask
352,476-inap-mask.jpg,inappropriate_mask
353,477-inap-mask.jpg,inappropriate_mask
354,478-inap-mask.jpg,inappropriate_mask
355,48-inap-mask.jpg,inappropriate_mask
356,480-inap-mask.jpg,inappropriate_mask
357,49-inap-mask.jpg,inappropriate_mask
358,50-inap-mask.jpg,inappropriate_mask
359,51-inap-mask.jpg,inappropriate_mask
360,52-inap-mask.jpg,inappropriate_mask
361,53-inap-mask.jpg,inappropriate_mask
362,54-inap-mask.jpg,inappropriate_mask
363,55-inap-mask.jpg,inappropriate_mask
364,56-inap-mask.jpg,inappropriate_mask
365,57-inap-mask.jpg,inappropriate_mask
366,58-inap-mask.jpg,inappropriate_mask
367,59-inap-mask.jpg,inappropriate_mask
368,6-inap-mask.jpg,inappropriate_mask
369,61-inap-mask.jpg,inappropriate_mask
370,62-inap-mask.jpg,inappropriate_mask
371,63-inap-mask.jpg,inappropriate_mask
372,64-inap-mask.jpg,inappropriate_mask
373,65-inap-mask.jpg,inappropriate_mask
374,66-inap-mask.jpg,inappropriate_mask
375,67-inap-mask.jpg,inappropriate_mask
376,69-inap-mask.jpg,inappropriate_mask
377,7-inap-mask.jpg,inappropriate_mask
378,70-inap-mask.jpg,inappropriate_mask
379,73-inap-mask.jpg,inappropriate_mask
380,74-inap-mask.jpg,inappropriate_mask
381,76-inap-mask.jpg,inappropriate_mask
382,77-inap-mask.jpg,inappropriate_mask
383,79-inap-mask.jpg,inappropriate_mask
384,80-inap-mask.jpg,inappropriate_mask
385,81-inap-mask.jpg,inappropriate_mask
386,83-inap-mask.jpg,inappropriate_mask
387,84-inap-mask.jpg,inappropriate_mask
388,86-inap-mask.jpg,inappropriate_mask
389,87-inap-mask.jpg,inappropriate_mask
390,88-inap-mask.jpg,inappropriate_mask
391,89-inap-mask.jpg,inappropriate_mask
392,9-inap-mask.jpg,inappropriate_mask
393,90-inap-mask.jpg,inappropriate_mask
394,91-inap-mask.jpg,inappropriate_mask
395,92-inap-mask.jpg,inappropriate_mask
396,93-inap-mask.jpg,inappropriate_mask
397,94-inap-mask.jpg,inappropriate_mask
398,95-inap-mask.jpg,inappropriate_mask
399,96-inap-mask.jpg,inappropriate_mask
400,97-inap-mask.jpg,inappropriate_mask
401,98-inap-mask.jpg,inappropriate_mask
402,99-inap-mask.jpg,inappropriate_mask
403,augmented_image_1-inap-mask.jpg,inappropriate_mask
404,augmented_image_100-inap-mask.jpg,inappropriate_mask
405,augmented_image_101-inap-mask.jpg,inappropriate_mask
406,augmented_image_102-inap-mask.jpg,inappropriate_mask
407,augmented_image_103-inap-mask.jpg,inappropriate_mask
408,augmented_image_104-inap-mask.jpg,inappropriate_mask
409,augmented_image_105-inap-mask.jpg,inappropriate_mask
410,augmented_image_106-inap-mask.jpg,inappropriate_mask
411,augmented_image_107-inap-mask.jpg,inappropriate_mask
412,augmented_image_109-inap-mask.jpg,inappropriate_mask
413,augmented_image_111-inap-mask.jpg,inappropriate_mask
414,augmented_image_112-inap-mask.jpg,inappropriate_mask
415,augmented_image_113-inap-mask.jpg,inappropriate_mask
416,augmented_image_114-inap-mask.jpg,inappropriate_mask
417,augmented_image_115-inap-mask.jpg,inappropriate_mask
418,augmented_image_116-inap-mask.jpg,inappropriate_mask
419,augmented_image_117-inap-mask.jpg,inappropriate_mask
420,augmented_image_118-inap-mask.jpg,inappropriate_mask
421,augmented_image_119-inap-mask.jpg,inappropriate_mask
422,augmented_image_12-inap-mask.jpg,inappropriate_mask
423,augmented_image_120-inap-mask.jpg,inappropriate_mask
424,augmented_image_121-inap-mask.jpg,inappropriate_mask
425,augmented_image_122-inap-mask.jpg,inappropriate_mask
426,augmented_image_123-inap-mask.jpg,inappropriate_mask
427,augmented_image_124-inap-mask.jpg,inappropriate_mask
428,augmented_image_125-inap-mask.jpg,inappropriate_mask
429,augmented_image_126-inap-mask.jpg,inappropriate_mask
430,augmented_image_127-inap-mask.jpg,inappropriate_mask
431,augmented_image_128-inap-mask.jpg,inappropriate_mask
432,augmented_image_129-inap-mask.jpg,inappropriate_mask
433,augmented_image_13-inap-mask.jpg,inappropriate_mask
434,augmented_image_130-inap-mask.jpg,inappropriate_mask
435,augmented_image_131-inap-mask.jpg,inappropriate_mask
436,augmented_image_132-inap-mask.jpg,inappropriate_mask
437,augmented_image_133-inap-mask.jpg,inappropriate_mask
438,augmented_image_134-inap-mask.jpg,inappropriate_mask
439,augmented_image_135-inap-mask.jpg,inappropriate_mask
440,augmented_image_136-inap-mask.jpg,inappropriate_mask
441,augmented_image_137-inap-mask.jpg,inappropriate_mask
442,augmented_image_138-inap-mask.jpg,inappropriate_mask
443,augmented_image_139-inap-mask.jpg,inappropriate_mask
444,augmented_image_14-inap-mask.jpg,inappropriate_mask
445,augmented_image_140-inap-mask.jpg,inappropriate_mask
446,augmented_image_141-inap-mask.jpg,inappropriate_mask
447,augmented_image_142-inap-mask.jpg,inappropriate_mask
448,augmented_image_143-inap-mask.jpg,inappropriate_mask
449,augmented_image_144-inap-mask.jpg,inappropriate_mask
450,augmented_image_145-inap-mask.jpg,inappropriate_mask
451,augmented_image_147-inap-mask.jpg,inappropriate_mask
452,augmented_image_148-inap-mask.jpg,inappropriate_mask
453,augmented_image_149-inap-mask.jpg,inappropriate_mask
454,augmented_image_150-inap-mask.jpg,inappropriate_mask
455,augmented_image_153-inap-mask.jpg,inappropriate_mask
456,augmented_image_154-inap-mask.jpg,inappropriate_mask
457,augmented_image_155-inap-mask.jpg,inappropriate_mask
458,augmented_image_156-inap-mask.jpg,inappropriate_mask
459,augmented_image_157-inap-mask.jpg,inappropriate_mask
460,augmented_image_158-inap-mask.jpg,inappropriate_mask
461,augmented_image_16-inap-mask.jpg,inappropriate_mask
462,augmented_image_160-inap-mask.jpg,inappropriate_mask
463,augmented_image_161-inap-mask.jpg,inappropriate_mask
464,augmented_image_162-inap-mask.jpg,inappropriate_mask
465,augmented_image_163-inap-mask.jpg,inappropriate_mask
466,augmented_image_164-inap-mask.jpg,inappropriate_mask
467,augmented_image_165-inap-mask.jpg,inappropriate_mask
468,augmented_image_166-inap-mask.jpg,inappropriate_mask
469,augmented_image_167-inap-mask.jpg,inappropriate_mask
470,augmented_image_168-inap-mask.jpg,inappropriate_mask
471,augmented_image_169-inap-mask.jpg,inappropriate_mask
472,augmented_image_17-inap-mask.jpg,inappropriate_mask
473,augmented_image_170-inap-mask.jpg,inappropriate_mask
474,augmented_image_171-inap-mask.jpg,inappropriate_mask
475,augmented_image_172-inap-mask.jpg,inappropriate_mask
476,augmented_image_173-inap-mask.jpg,inappropriate_mask
477,augmented_image_174-inap-mask.jpg,inappropriate_mask
478,augmented_image_175-inap-mask.jpg,inappropriate_mask
479,augmented_image_176-inap-mask.jpg,inappropriate_mask
480,augmented_image_177-inap-mask.jpg,inappropriate_mask
481,augmented_image_179-inap-mask.jpg,inappropriate_mask
482,augmented_image_18-inap-mask.jpg,inappropriate_mask
483,augmented_image_182-inap-mask.jpg,inappropriate_mask
484,augmented_image_183-inap-mask.jpg,inappropriate_mask
485,augmented_image_184-inap-mask.jpg,inappropriate_mask
486,augmented_image_185-inap-mask.jpg,inappropriate_mask
487,augmented_image_186-inap-mask.jpg,inappropriate_mask
488,augmented_image_187-inap-mask.jpg,inappropriate_mask
489,augmented_image_188-inap-mask.jpg,inappropriate_mask
490,augmented_image_189-inap-mask.jpg,inappropriate_mask
491,augmented_image_19-inap-mask.jpg,inappropriate_mask
492,augmented_image_191-inap-mask.jpg,inappropriate_mask
493,augmented_image_192-inap-mask.jpg,inappropriate_mask
494,augmented_image_193-inap-mask.jpg,inappropriate_mask
495,augmented_image_194-inap-mask.jpg,inappropriate_mask
496,augmented_image_195-inap-mask.jpg,inappropriate_mask
497,augmented_image_196-inap-mask.jpg,inappropriate_mask
498,augmented_image_197-inap-mask.jpg,inappropriate_mask
499,augmented_image_198-inap-mask.jpg,inappropriate_mask
500,augmented_image_199-inap-mask.jpg,inappropriate_mask
501,augmented_image_2-inap-mask.jpg,inappropriate_mask
502,augmented_image_20-inap-mask.jpg,inappropriate_mask
503,augmented_image_200-inap-mask.jpg,inappropriate_mask
504,augmented_image_201-inap-mask.jpg,inappropriate_mask
505,augmented_image_202-inap-mask.jpg,inappropriate_mask
506,augmented_image_203-inap-mask.jpg,inappropriate_mask
507,augmented_image_204-inap-mask.jpg,inappropriate_mask
508,augmented_image_205-inap-mask.jpg,inappropriate_mask
509,augmented_image_206-inap-mask.jpg,inappropriate_mask
510,augmented_image_207-inap-mask.jpg,inappropriate_mask
511,augmented_image_208-inap-mask.jpg,inappropriate_mask
512,augmented_image_209-inap-mask.jpg,inappropriate_mask
513,augmented_image_21-inap-mask.jpg,inappropriate_mask
514,augmented_image_210-inap-mask.jpg,inappropriate_mask
515,augmented_image_211-inap-mask.jpg,inappropriate_mask
516,augmented_image_212-inap-mask.jpg,inappropriate_mask
517,augmented_image_214-inap-mask.jpg,inappropriate_mask
518,augmented_image_215-inap-mask.jpg,inappropriate_mask
519,augmented_image_216-inap-mask.jpg,inappropriate_mask
520,augmented_image_219-inap-mask.jpg,inappropriate_mask
521,augmented_image_22-inap-mask.jpg,inappropriate_mask
522,augmented_image_220-inap-mask.jpg,inappropriate_mask
523,augmented_image_221-inap-mask.jpg,inappropriate_mask
524,augmented_image_222-inap-mask.jpg,inappropriate_mask
525,augmented_image_223-inap-mask.jpg,inappropriate_mask
526,augmented_image_224-inap-mask.jpg,inappropriate_mask
527,augmented_image_225-inap-mask.jpg,inappropriate_mask
528,augmented_image_226-inap-mask.jpg,inappropriate_mask
529,augmented_image_227-inap-mask.jpg,inappropriate_mask
530,augmented_image_229-inap-mask.jpg,inappropriate_mask
531,augmented_image_23-inap-mask.jpg,inappropriate_mask
532,augmented_image_230-inap-mask.jpg,inappropriate_mask
533,augmented_image_231-inap-mask.jpg,inappropriate_mask
534,augmented_image_232-inap-mask.jpg,inappropriate_mask
535,augmented_image_233-inap-mask.jpg,inappropriate_mask
536,augmented_image_234-inap-mask.jpg,inappropriate_mask
537,augmented_image_235-inap-mask.jpg,inappropriate_mask
538,augmented_image_236-inap-mask.jpg,inappropriate_mask
539,augmented_image_237-inap-mask.jpg,inappropriate_mask
540,0-with-mask.jpg,with_mask
541,1-with-mask.jpg,with_mask
542,10-with-mask.jpg,with_mask
543,100-with-mask.jpg,with_mask
544,101-with-mask.jpg,with_mask
545,103-with-mask.jpg,with_mask
546,104-with-mask.jpg,with_mask
547,105-with-mask.jpg,with_mask
548,106-with-mask.jpg,with_mask
549,107-with-mask.jpg,with_mask
550,108-with-mask.jpg,with_mask
551,109-with-mask.jpg,with_mask
552,11-with-mask.jpg,with_mask
553,110-with-mask.jpg,with_mask
554,111-with-mask.jpg,with_mask
555,112-with-mask.jpg,with_mask
556,113-with-mask.jpg,with_mask
557,114-with-mask.jpg,with_mask
558,115-with-mask.jpg,with_mask
559,116-with-mask.jpg,with_mask
560,117-with-mask.jpg,with_mask
561,118-with-mask.jpg,with_mask
562,119-with-mask.jpg,with_mask
563,12-with-mask.jpg,with_mask
564,120-with-mask.jpg,with_mask
565,121-with-mask.jpg,with_mask
566,122-with-mask.jpg,with_mask
567,123-with-mask.jpg,with_mask
568,124-with-mask.jpg,with_mask
569,125-with-mask.jpg,with_mask
570,126-with-mask.jpg,with_mask
571,127-with-mask.jpg,with_mask
572,128-with-mask.jpg,with_mask
573,129-with-mask.jpg,with_mask
574,13-with-mask.jpg,with_mask
575,131-with-mask.jpg,with_mask
576,132-with-mask.jpg,with_mask
577,133-with-mask.jpg,with_mask
578,134-with-mask.jpg,with_mask
579,135-with-mask.jpg,with_mask
580,136-with-mask.jpg,with_mask
581,137-with-mask.jpg,with_mask
582,138-with-mask.jpg,with_mask
583,139-with-mask.jpg,with_mask
584,14-with-mask.jpg,with_mask
585,140-with-mask.jpg,with_mask
586,141-with-mask.jpg,with_mask
587,143-with-mask.jpg,with_mask
588,144-with-mask.jpg,with_mask
589,146-with-mask.jpg,with_mask
590,147-with-mask.jpg,with_mask
591,148-with-mask.jpg,with_mask
592,15-with-mask.jpg,with_mask
593,150-with-mask.jpg,with_mask
594,151-with-mask.jpg,with_mask
595,152-with-mask.jpg,with_mask
596,153-with-mask.jpg,with_mask
597,154-with-mask.jpg,with_mask
598,155-with-mask.jpg,with_mask
599,156-with-mask.jpg,with_mask
600,157-with-mask.jpg,with_mask
601,158-with-mask.jpg,with_mask
602,159-with-mask.jpg,with_mask
603,16-with-mask.jpg,with_mask
604,160-with-mask.jpg,with_mask
605,161-with-mask.jpg,with_mask
606,162-with-mask.jpg,with_mask
607,163-with-mask.jpg,with_mask
608,165-with-mask.jpg,with_mask
609,167-with-mask.jpg,with_mask
610,168-with-mask.jpg,with_mask
611,169-with-mask.jpg,with_mask
612,17-with-mask.jpg,with_mask
613,170-with-mask.jpg,with_mask
614,171-with-mask.jpg,with_mask
615,172-with-mask.jpg,with_mask
616,173-with-mask.jpg,with_mask
617,174-with-mask.jpg,with_mask
618,175-with-mask.jpg,with_mask
619,176-with-mask.jpg,with_mask
620,177-with-mask.jpg,with_mask
621,179-with-mask.jpg,with_mask
622,18-with-mask.jpg,with_mask
623,180-with-mask.jpg,with_mask
624,181-with-mask.jpg,with_mask
625,182-with-mask.jpg,with_mask
626,183-with-mask.jpg,with_mask
627,184-with-mask.jpg,with_mask
628,185-with-mask.jpg,with_mask
629,186-with-mask.jpg,with_mask
630,187-with-mask.jpg,with_mask
631,189-with-mask.jpg,with_mask
632,19-with-mask.jpg,with_mask
633,190-with-mask.jpg,with_mask
634,192-with-mask.jpg,with_mask
635,193-with-mask.jpg,with_mask
636,194-with-mask.jpg,with_mask
637,195-with-mask.jpg,with_mask
638,196-with-mask.jpg,with_mask
639,197-with-mask.jpg,with_mask
640,198-with-mask.jpg,with_mask
641,2-with-mask.jpg,with_mask
642,200-with-mask.jpg,with_mask
643,201-with-mask.jpg,with_mask
644,202-with-mask.jpg,with_mask
645,203-with-mask.jpg,with_mask
646,204-with-mask.jpg,with_mask
647,205-with-mask.jpg,with_mask
648,206-with-mask.jpg,with_mask
649,207-with-mask.jpg,with_mask
650,209-with-mask.jpg,with_mask
651,21-with-mask.jpg,with_mask
652,211-with-mask.jpg,with_mask
653,212-with-mask.jpg,with_mask
654,214-with-mask.jpg,with_mask
655,215-with-mask.jpg,with_mask
656,217-with-mask.jpg,with_mask
657,218-with-mask.jpg,with_mask
658,219-with-mask.jpg,with_mask
659,221-with-mask.jpg,with_mask
660,222-with-mask.jpg,with_mask
661,223-with-mask.jpg,with_mask
662,224-with-mask.jpg,with_mask
663,225-with-mask.jpg,with_mask
664,226-with-mask.jpg,with_mask
665,227-with-mask.jpg,with_mask
666,228-with-mask.jpg,with_mask
667,229-with-mask.jpg,with_mask
668,23-with-mask.jpg,with_mask
669,231-with-mask.jpg,with_mask
670,232-with-mask.jpg,with_mask
671,233-with-mask.jpg,with_mask
672,234-with-mask.jpg,with_mask
673,235-with-mask.jpg,with_mask
674,236-with-mask.jpg,with_mask
675,237-with-mask.jpg,with_mask
676,238-with-mask.jpg,with_mask
677,239-with-mask.jpg,with_mask
678,24-with-mask.jpg,with_mask
679,240-with-mask.jpg,with_mask
680,241-with-mask.jpg,with_mask
681,242-with-mask.jpg,with_mask
682,243-with-mask.jpg,with_mask
683,244-with-mask.jpg,with_mask
684,245-with-mask.jpg,with_mask
685,246-with-mask.jpg,with_mask
686,25-with-mask.jpg,with_mask
687,251-with-mask.jpg,with_mask
688,252-with-mask.jpg,with_mask
689,253-with-mask.jpg,with_mask
690,254-with-mask.jpg,with_mask
691,255-with-mask.jpg,with_mask
692,256-with-mask.jpg,with_mask
693,257-with-mask.jpg,with_mask
694,259-with-mask.jpg,with_mask
695,26-with-mask.jpg,with_mask
696,260-with-mask.jpg,with_mask
697,261-with-mask.jpg,with_mask
698,262-with-mask.jpg,with_mask
699,263-with-mask.jpg,with_mask
700,267-with-mask.jpg,with_mask
701,268-with-mask.jpg,with_mask
702,269-with-mask.jpg,with_mask
703,27-with-mask.jpg,with_mask
704,270-with-mask.jpg,with_mask
705,272-with-mask.jpg,with_mask
706,273-with-mask.jpg,with_mask
707,274-with-mask.jpg,with_mask
708,275-with-mask.jpg,with_mask
709,276-with-mask.jpg,with_mask
710,277-with-mask.jpg,with_mask
711,278-with-mask.jpg,with_mask
712,279-with-mask.jpg,with_mask
713,281-with-mask.jpg,with_mask
714,282-with-mask.jpg,with_mask
715,283-with-mask.jpg,with_mask
716,284-with-mask.jpg,with_mask
717,285-with-mask.jpg,with_mask
718,286-with-mask.jpg,with_mask
719,287-with-mask.jpg,with_mask
720,288-with-mask.jpg,with_mask
721,289-with-mask.jpg,with_mask
722,29-with-mask.jpg,with_mask
723,290-with-mask.jpg,with_mask
724,291-with-mask.jpg,with_mask
725,293-with-mask.jpg,with_mask
726,294-with-mask.jpg,with_mask
727,295-with-mask.jpg,with_mask
728,296-with-mask.jpg,with_mask
729,297-with-mask.jpg,with_mask
730,298-with-mask.jpg,with_mask
731,299-with-mask.jpg,with_mask
732,3-with-mask.jpg,with_mask
733,30-with-mask.jpg,with_mask
734,301-with-mask.jpg,with_mask
735,302-with-mask.jpg,with_mask
736,303-with-mask.jpg,with_mask
737,304-with-mask.jpg,with_mask
738,305-with-mask.jpg,with_mask
739,306-with-mask.jpg,with_mask
740,307-with-mask.jpg,with_mask
741,308-with-mask.jpg,with_mask
742,309-with-mask.jpg,with_mask
743,31-with-mask.jpg,with_mask
744,311-with-mask.jpg,with_mask
745,313-with-mask.jpg,with_mask
746,314-with-mask.jpg,with_mask
747,315-with-mask.jpg,with_mask
748,316-with-mask.jpg,with_mask
749,317-with-mask.jpg,with_mask
750,318-with-mask.jpg,with_mask
751,319-with-mask.jpg,with_mask
752,32-with-mask.jpg,with_mask
753,322-with-mask.jpg,with_mask
754,323-with-mask.jpg,with_mask
755,324-with-mask.jpg,with_mask
756,325-with-mask.jpg,with_mask
757,326-with-mask.jpg,with_mask
758,327-with-mask.jpg,with_mask
759,33-with-mask.jpg,with_mask
760,330-with-mask.jpg,with_mask
761,331-with-mask.jpg,with_mask
762,332-with-mask.jpg,with_mask
763,333-with-mask.jpg,with_mask
764,334-with-mask.jpg,with_mask
765,335-with-mask.jpg,with_mask
766,336-with-mask.jpg,with_mask
767,338-with-mask.jpg,with_mask
768,339-with-mask.jpg,with_mask
769,34-with-mask.jpg,with_mask
770,340-with-mask.jpg,with_mask
771,342-with-mask.jpg,with_mask
772,343-with-mask.jpg,with_mask
773,344-with-mask.jpg,with_mask
774,345-with-mask.jpg,with_mask
775,346-with-mask.jpg,with_mask
776,347-with-mask.jpg,with_mask
777,348-with-mask.jpg,with_mask
778,349-with-mask.jpg,with_mask
779,35-with-mask.jpg,with_mask
780,351-with-mask.jpg,with_mask
781,353-with-mask.jpg,with_mask
782,355-with-mask.jpg,with_mask
783,356-with-mask.jpg,with_mask
784,357-with-mask.jpg,with_mask
785,358-with-mask.jpg,with_mask
786,359-with-mask.jpg,with_mask
787,36-with-mask.jpg,with_mask
788,362-with-mask.jpg,with_mask
789,364-with-mask.jpg,with_mask
790,365-with-mask.jpg,with_mask
791,366-with-mask.jpg,with_mask
792,368-with-mask.jpg,with_mask
793,369-with-mask.jpg,with_mask
794,37-with-mask.jpg,with_mask
795,374-with-mask.jpg,with_mask
796,375-with-mask.jpg,with_mask
797,376-with-mask.jpg,with_mask
798,377-with-mask.jpg,with_mask
799,378-with-mask.jpg,with_mask
800,379-with-mask.jpg,with_mask
801,38-with-mask.jpg,with_mask
802,380-with-mask.jpg,with_mask
803,381-with-mask.jpg,with_mask
804,382-with-mask.jpg,with_mask
805,383-with-mask.jpg,with_mask
806,384-with-mask.jpg,with_mask
807,385-with-mask.jpg,with_mask
808,386-with-mask.jpg,with_mask
809,387-with-mask.jpg,with_mask
810,39-with-mask.jpg,with_mask
811,390-with-mask.jpg,with_mask
812,391-with-mask.jpg,with_mask
813,392-with-mask.jpg,with_mask
814,393-with-mask.jpg,with_mask
815,394-with-mask.jpg,with_mask
816,395-with-mask.jpg,with_mask
817,396-with-mask.jpg,with_mask
818,397-with-mask.jpg,with_mask
819,398-with-mask.jpg,with_mask
820,399-with-mask.jpg,with_mask
821,4-with-mask.jpg,with_mask
822,40-with-mask.jpg,with_mask
823,400-with-mask.jpg,with_mask
824,401-with-mask.jpg,with_mask
825,402-with-mask.jpg,with_mask
826,404-with-mask.jpg,with_mask
827,405-with-mask.jpg,with_mask
828,406-with-mask.jpg,with_mask
829,407-with-mask.jpg,with_mask
830,408-with-mask.jpg,with_mask
831,409-with-mask.jpg,with_mask
832,41-with-mask.jpg,with_mask
833,411-with-mask.jpg,with_mask
834,413-with-mask.jpg,with_mask
835,414-with-mask.jpg,with_mask
836,415-with-mask.jpg,with_mask
837,416-with-mask.jpg,with_mask
838,417-with-mask.jpg,with_mask
839,418-with-mask.jpg,with_mask
840,419-with-mask.jpg,with_mask
841,42-with-mask.jpg,with_mask
842,420-with-mask.jpg,with_mask
843,421-with-mask.jpg,with_mask
844,422-with-mask.jpg,with_mask
845,424-with-mask.jpg,with_mask
846,425-with-mask.jpg,with_mask
847,426-with-mask.jpg,with_mask
848,427-with-mask.jpg,with_mask
849,429-with-mask.jpg,with_mask
850,43-with-mask.jpg,with_mask
851,430-with-mask.jpg,with_mask
852,431-with-mask.jpg,with_mask
853,432-with-mask.jpg,with_mask
854,433-with-mask.jpg,with_mask
855,434-with-mask.jpg,with_mask
856,435-with-mask.jpg,with_mask
857,436-with-mask.jpg,with_mask
858,438-with-mask.jpg,with_mask
859,439-with-mask.jpg,with_mask
860,440-with-mask.jpg,with_mask
861,441-with-mask.jpg,with_mask
862,442-with-mask.jpg,with_mask
863,443-with-mask.jpg,with_mask
864,444-with-mask.jpg,with_mask
865,445-with-mask.jpg,with_mask
866,446-with-mask.jpg,with_mask
867,447-with-mask.jpg,with_mask
868,448-with-mask.jpg,with_mask
869,449-with-mask.jpg,with_mask
870,45-with-mask.jpg,with_mask
871,450-with-mask.jpg,with_mask
872,451-with-mask.jpg,with_mask
873,452-with-mask.jpg,with_mask
874,453-with-mask.jpg,with_mask
875,454-with-mask.jpg,with_mask
876,455-with-mask.jpg,with_mask
877,456-with-mask.jpg,with_mask
878,457-with-mask.jpg,with_mask
879,458-with-mask.jpg,with_mask
880,459-with-mask.jpg,with_mask
881,46-with-mask.jpg,with_mask
882,460-with-mask.jpg,with_mask
883,461-with-mask.jpg,with_mask
884,462-with-mask.jpg,with_mask
885,463-with-mask.jpg,with_mask
886,464-with-mask.jpg,with_mask
887,466-with-mask.jpg,with_mask
888,467-with-mask.jpg,with_mask
889,47-with-mask.jpg,with_mask
890,471-with-mask.jpg,with_mask
891,472-with-mask.jpg,with_mask
892,473-with-mask.jpg,with_mask
893,474-with-mask.jpg,with_mask
894,475-with-mask.jpg,with_mask
895,476-with-mask.jpg,with_mask
896,477-with-mask.jpg,with_mask
897,478-with-mask.jpg,with_mask
898,479-with-mask.jpg,with_mask
899,48-with-mask.jpg,with_mask
900,480-with-mask.jpg,with_mask
901,481-with-mask.jpg,with_mask
902,49-with-mask.jpg,with_mask
903,5-with-mask.jpg,with_mask
904,50-with-mask.jpg,with_mask
905,51-with-mask.jpg,with_mask
906,52-with-mask.jpg,with_mask
907,53-with-mask.jpg,with_mask
908,56-with-mask.jpg,with_mask
909,57-with-mask.jpg,with_mask
910,59-with-mask.jpg,with_mask
911,6-with-mask.jpg,with_mask
912,61-with-mask.jpg,with_mask
913,62-with-mask.jpg,with_mask
914,64-with-mask.jpg,with_mask
915,65-with-mask.jpg,with_mask
916,67-with-mask.jpg,with_mask
917,68-with-mask.jpg,with_mask
918,7-with-mask.jpg,with_mask
919,70-with-mask.jpg,with_mask
920,71-with-mask.jpg,with_mask
921,72-with-mask.jpg,with_mask
922,73-with-mask.jpg,with_mask
923,74-with-mask.jpg,with_mask
924,75-with-mask.jpg,with_mask
925,76-with-mask.jpg,with_mask
926,77-with-mask.jpg,with_mask
927,78-with-mask.jpg,with_mask
928,79-with-mask.jpg,with_mask
929,8-with-mask.jpg,with_mask
930,80-with-mask.jpg,with_mask
931,81-with-mask.jpg,with_mask
932,82-with-mask.jpg,with_mask
933,83-with-mask.jpg,with_mask
934,84-with-mask.jpg,with_mask
935,85-with-mask.jpg,with_mask
936,86-with-mask.jpg,with_mask
937,88-with-mask.jpg,with_mask
938,89-with-mask.jpg,with_mask
939,9-with-mask.jpg,with_mask
940,91-with-mask.jpg,with_mask
941,92-with-mask.jpg,with_mask
942,93-with-mask.jpg,with_mask
943,94-with-mask.jpg,with_mask
944,96-with-mask.jpg,with_mask
945,97-with-mask.jpg,with_mask
946,98-with-mask.jpg,with_mask
947,99-with-mask.jpg,with_mask
948,augmented_image_0.jpg,with_mask
949,augmented_image_1.jpg,with_mask
950,augmented_image_10.jpg,with_mask
951,augmented_image_100.jpg,with_mask
952,augmented_image_101.jpg,with_mask
953,augmented_image_102.jpg,with_mask
954,augmented_image_103.jpg,with_mask
955,augmented_image_104.jpg,with_mask
956,augmented_image_105.jpg,with_mask
957,augmented_image_106.jpg,with_mask
958,augmented_image_107.jpg,with_mask
959,augmented_image_108.jpg,with_mask
960,augmented_image_109.jpg,with_mask
961,augmented_image_11.jpg,with_mask
962,augmented_image_110.jpg,with_mask
963,augmented_image_111.jpg,with_mask
964,augmented_image_112.jpg,with_mask
965,augmented_image_113.jpg,with_mask
966,augmented_image_114.jpg,with_mask
967,augmented_image_115.jpg,with_mask
968,augmented_image_116.jpg,with_mask
969,augmented_image_117.jpg,with_mask
970,augmented_image_118.jpg,with_mask
971,augmented_image_119.jpg,with_mask
972,augmented_image_12.jpg,with_mask
973,augmented_image_120.jpg,with_mask
974,augmented_image_121.jpg,with_mask
975,augmented_image_122.jpg,with_mask
976,augmented_image_123.jpg,with_mask
977,augmented_image_124.jpg,with_mask
978,augmented_image_125.jpg,with_mask
979,augmented_image_126.jpg,with_mask
980,augmented_image_127.jpg,with_mask
981,augmented_image_128.jpg,with_mask
982,augmented_image_129.jpg,with_mask
983,augmented_image_13.jpg,with_mask
984,augmented_image_130.jpg,with_mask
985,augmented_image_131.jpg,with_mask
986,augmented_image_132.jpg,with_mask
987,augmented_image_133.jpg,with_mask
988,augmented_image_134.jpg,with_mask
989,augmented_image_135.jpg,with_mask
990,augmented_image_136.jpg,with_mask
991,augmented_image_137.jpg,with_mask
992,augmented_image_138.jpg,with_mask
993,augmented_image_139.jpg,with_mask
994,augmented_image_14.jpg,with_mask
995,augmented_image_140.jpg,with_mask
996,augmented_image_141.jpg,with_mask
997,augmented_image_142.jpg,with_mask
998,augmented_image_143.jpg,with_mask
999,augmented_image_144.jpg,with_mask
1000,augmented_image_145.jpg,with_mask
1001,augmented_image_146.jpg,with_mask
1002,augmented_image_147.jpg,with_mask
1003,augmented_image_148.jpg,with_mask
1004,augmented_image_149.jpg,with_mask
1005,augmented_image_15.jpg,with_mask
1006,augmented_image_150.jpg,with_mask
1007,augmented_image_151.jpg,with_mask
1008,augmented_image_152.jpg,with_mask
1009,augmented_image_153.jpg,with_mask
1010,augmented_image_154.jpg,with_mask
1011,augmented_image_155.jpg,with_mask
1012,augmented_image_156.jpg,with_mask
1013,augmented_image_157.jpg,with_mask
1014,augmented_image_158.jpg,with_mask
1015,augmented_image_159.jpg,with_mask
1016,augmented_image_16.jpg,with_mask
1017,augmented_image_160.jpg,with_mask
1018,augmented_image_161.jpg,with_mask
1019,augmented_image_162.jpg,with_mask
1020,augmented_image_163.jpg,with_mask
1021,augmented_image_164.jpg,with_mask
1022,augmented_image_165.jpg,with_mask
1023,augmented_image_166.jpg,with_mask
1024,augmented_image_167.jpg,with_mask
1025,augmented_image_168.jpg,with_mask
1026,augmented_image_169.jpg,with_mask
1027,augmented_image_17.jpg,with_mask
1028,augmented_image_170.jpg,with_mask
1029,augmented_image_171.jpg,with_mask
1030,augmented_image_172.jpg,with_mask
1031,augmented_image_173.jpg,with_mask
1032,augmented_image_174.jpg,with_mask
1033,augmented_image_175.jpg,with_mask
1034,augmented_image_176.jpg,with_mask
1035,augmented_image_177.jpg,with_mask
1036,augmented_image_178.jpg,with_mask
1037,augmented_image_179.jpg,with_mask
1038,augmented_image_18.jpg,with_mask
1039,augmented_image_180.jpg,with_mask
1040,augmented_image_181.jpg,with_mask
1041,augmented_image_182.jpg,with_mask
1042,augmented_image_183.jpg,with_mask
1043,augmented_image_184.jpg,with_mask
1044,augmented_image_185.jpg,with_mask
1045,augmented_image_186.jpg,with_mask
1046,augmented_image_187.jpg,with_mask
1047,augmented_image_188.jpg,with_mask
1048,augmented_image_189.jpg,with_mask
1049,augmented_image_19.jpg,with_mask
1050,augmented_image_190.jpg,with_mask
1051,augmented_image_191.jpg,with_mask
1052,augmented_image_192.jpg,with_mask
1053,augmented_image_193.jpg,with_mask
1054,augmented_image_194.jpg,with_mask
1055,augmented_image_195.jpg,with_mask
1056,augmented_image_196.jpg,with_mask
1057,augmented_image_197.jpg,with_mask
1058,augmented_image_198.jpg,with_mask
1059,augmented_image_199.jpg,with_mask
1060,augmented_image_2.jpg,with_mask
1061,augmented_image_20.jpg,with_mask
1062,augmented_image_200.jpg,with_mask
1063,augmented_image_201.jpg,with_mask
1064,augmented_image_202.jpg,with_mask
1065,augmented_image_203.jpg,with_mask
1066,augmented_image_204.jpg,with_mask
1067,augmented_image_205.jpg,with_mask
1068,augmented_image_206.jpg,with_mask
1069,augmented_image_207.jpg,with_mask
1070,augmented_image_208.jpg,with_mask
1071,augmented_image_209.jpg,with_mask
1072,augmented_image_21.jpg,with_mask
1073,augmented_image_210.jpg,with_mask
1074,augmented_image_211.jpg,with_mask
1075,augmented_image_212.jpg,with_mask
1076,augmented_image_213.jpg,with_mask
1077,augmented_image_214.jpg,with_mask
1078,augmented_image_215.jpg,with_mask
1079,augmented_image_216.jpg,with_mask
1080,augmented_image_217.jpg,with_mask
1081,augmented_image_218.jpg,with_mask
1082,augmented_image_219.jpg,with_mask
1083,augmented_image_22.jpg,with_mask
1084,augmented_image_220.jpg,with_mask
1085,augmented_image_221.jpg,with_mask
1086,augmented_image_222.jpg,with_mask
1087,augmented_image_223.jpg,with_mask
1088,augmented_image_227.jpg,with_mask
1089,augmented_image_228.jpg,with_mask
1090,augmented_image_23.jpg,with_mask
1091,augmented_image_230.jpg,with_mask
1092,0.jpg,without_mask
1093,1.jpg,without_mask
1094,10.jpg,without_mask
1095,100.jpg,without_mask
1096,101.jpg,without_mask
1097,102.jpg,without_mask
1098,104.jpg,without_mask
1099,105.jpg,without_mask
1100,106.jpg,without_mask
1101,107.jpg,without_mask
1102,108.jpg,without_mask
1103,109.jpg,without_mask
1104,11.jpg,without_mask
1105,110.jpg,without_mask
1106,111.jpg,without_mask
1107,112.jpg,without_mask
1108,114.jpg,without_mask
1109,115.jpg,without_mask
1110,116.jpg,without_mask
1111,117.jpg,without_mask
1112,118.jpg,without_mask
1113,119.jpg,without_mask
1114,12.jpg,without_mask
1115,120.jpg,without_mask
1116,122.jpg,without_mask
1117,123.jpg,without_mask
1118,124.jpg,without_mask
1119,125.jpg,without_mask
1120,127.jpg,without_mask
1121,128.jpg,without_mask
1122,129.jpg,without_mask
1123,13.jpg,without_mask
1124,130.jpg,without_mask
1125,131.jpg,without_mask
1126,132.jpg,without_mask
1127,133.jpg,without_mask
1128,134.jpg,without_mask
1129,135.jpg,without_mask
1130,136.jpg,without_mask
1131,137.jpg,without_mask
1132,138.jpg,without_mask
1133,139.jpg,without_mask
1134,14.jpg,without_mask
1135,140.jpg,without_mask
1136,141.jpg,without_mask
1137,142.jpg,without_mask
1138,143.jpg,without_mask
1139,145.jpg,without_mask
1140,146.jpg,without_mask
1141,148.jpg,without_mask
1142,149.jpg,without_mask
1143,15.jpg,without_mask
1144,151.jpg,without_mask
1145,152.jpg,without_mask
1146,153.jpg,without_mask
1147,154.jpg,without_mask
1148,155.jpg,without_mask
1149,156.jpg,without_mask
1150,157.jpg,without_mask
1151,158.jpg,without_mask
1152,159.jpg,without_mask
1153,16.jpg,without_mask
1154,160.jpg,without_mask
1155,161.jpg,without_mask
1156,162.jpg,without_mask
1157,163.jpg,without_mask
1158,164.jpg,without_mask
1159,166.jpg,without_mask
1160,168.jpg,without_mask
1161,169.jpg,without_mask
1162,17.jpg,without_mask
1163,170.jpg,without_mask
1164,171.jpg,without_mask
1165,172.jpg,without_mask
1166,173.jpg,without_mask
1167,174.jpg,without_mask
1168,175.jpg,without_mask
1169,176.jpg,without_mask
1170,177.jpg,without_mask
1171,178.jpg,without_mask
1172,179.jpg,without_mask
1173,18.jpg,without_mask
1174,180.jpg,without_mask
1175,181.jpg,without_mask
1176,183.jpg,without_mask
1177,184.jpg,without_mask
1178,185.jpg,without_mask
1179,186.jpg,without_mask
1180,187.jpg,without_mask
1181,188.jpg,without_mask
1182,19.jpg,without_mask
1183,191.jpg,without_mask
1184,192.jpg,without_mask
1185,193.jpg,without_mask
1186,194.jpg,without_mask
1187,195.jpg,without_mask
1188,196.jpg,without_mask
1189,197.jpg,without_mask
1190,198.jpg,without_mask
1191,2.jpg,without_mask
1192,20.jpg,without_mask
1193,201.jpg,without_mask
1194,203.jpg,without_mask
1195,204.jpg,without_mask
1196,206.jpg,without_mask
1197,207.jpg,without_mask
1198,208.jpg,without_mask
1199,210.jpg,without_mask
1200,211.jpg,without_mask
1201,212.jpg,without_mask
1202,213.jpg,without_mask
1203,214.jpg,without_mask
1204,215.jpg,without_mask
1205,216.jpg,without_mask
1206,217.jpg,without_mask
1207,218.jpg,without_mask
1208,22.jpg,without_mask
1209,220.jpg,without_mask
1210,221.jpg,without_mask
1211,222.jpg,without_mask
1212,223.jpg,without_mask
1213,224.jpg,without_mask
1214,225.jpg,without_mask
1215,226.jpg,without_mask
1216,227.jpg,without_mask
1217,228.jpg,without_mask
1218,229.jpg,without_mask
1219,23.jpg,without_mask
1220,230.jpg,without_mask
1221,231.jpg,without_mask
1222,232.jpg,without_mask
1223,233.jpg,without_mask
1224,234.jpg,without_mask
1225,237.jpg,without_mask
1226,239.jpg,without_mask
1227,24.jpg,without_mask
1228,240.jpg,without_mask
1229,241.jpg,without_mask
1230,242.jpg,without_mask
1231,243.jpg,without_mask
1232,244.jpg,without_mask
1233,246.jpg,without_mask
1234,247.jpg,without_mask
1235,248.jpg,without_mask
1236,249.jpg,without_mask
1237,250.jpg,without_mask
1238,251.jpg,without_mask
1239,252.jpg,without_mask
1240,253.jpg,without_mask
1241,254.jpg,without_mask
1242,255.jpg,without_mask
1243,256.jpg,without_mask
1244,258.jpg,without_mask
1245,259.jpg,without_mask
1246,26.jpg,without_mask
1247,260.jpg,without_mask
1248,261.jpg,without_mask
1249,262.jpg,without_mask
1250,263.jpg,without_mask
1251,264.jpg,without_mask
1252,265.jpg,without_mask
1253,266.jpg,without_mask
1254,267.jpg,without_mask
1255,269.jpg,without_mask
1256,27.jpg,without_mask
1257,270.jpg,without_mask
1258,271.jpg,without_mask
1259,275.jpg,without_mask
1260,276.jpg,without_mask
1261,278.jpg,without_mask
1262,28.jpg,without_mask
1263,280.jpg,without_mask
1264,281.jpg,without_mask
1265,282.jpg,without_mask
1266,283.jpg,without_mask
1267,284.jpg,without_mask
1268,285.jpg,without_mask
1269,286.jpg,without_mask
1270,287.jpg,without_mask
1271,288.jpg,without_mask
1272,289.jpg,without_mask
1273,29.jpg,without_mask
1274,290.jpg,without_mask
1275,291.jpg,without_mask
1276,292.jpg,without_mask
1277,293.jpg,without_mask
1278,294.jpg,without_mask
1279,295.jpg,without_mask
1280,297.jpg,without_mask
1281,298.jpg,without_mask
1282,299.jpg,without_mask
1283,3.jpg,without_mask
1284,30.jpg,without_mask
1285,300.jpg,without_mask
1286,301.jpg,without_mask
1287,302.jpg,without_mask
1288,303.jpg,without_mask
1289,306.jpg,without_mask
1290,307.jpg,without_mask
1291,308.jpg,without_mask
1292,309.jpg,without_mask
1293,31.jpg,without_mask
1294,310.jpg,without_mask
1295,311.jpg,without_mask
1296,312.jpg,without_mask
1297,315.jpg,without_mask
1298,316.jpg,without_mask
1299,317.jpg,without_mask
1300,318.jpg,without_mask
1301,319.jpg,without_mask
1302,32.jpg,without_mask
1303,321.jpg,without_mask
1304,322.jpg,without_mask
1305,323.jpg,without_mask
1306,324.jpg,without_mask
1307,325.jpg,without_mask
1308,326.jpg,without_mask
1309,327.jpg,without_mask
1310,328.jpg,without_mask
1311,329.jpg,without_mask
1312,33.jpg,without_mask
1313,330.jpg,without_mask
1314,331.jpg,without_mask
1315,332.jpg,without_mask
1316,334.jpg,without_mask
1317,335.jpg,without_mask
1318,336.jpg,without_mask
1319,337.jpg,without_mask
1320,338.jpg,without_mask
1321,339.jpg,without_mask
1322,34.jpg,without_mask
1323,340.jpg,without_mask
1324,341.jpg,without_mask
1325,344.jpg,without_mask
1326,345.jpg,without_mask
1327,347.jpg,without_mask
1328,348.jpg,without_mask
1329,349.jpg,without_mask
1330,350.jpg,without_mask
1331,351.jpg,without_mask
1332,352.jpg,without_mask
1333,353.jpg,without_mask
1334,354.jpg,without_mask
1335,355.jpg,without_mask
1336,356.jpg,without_mask
1337,359.jpg,without_mask
1338,36.jpg,without_mask
1339,360.jpg,without_mask
1340,361.jpg,without_mask
1341,362.jpg,without_mask
1342,363.jpg,without_mask
1343,364.jpg,without_mask
1344,365.jpg,without_mask
1345,367.jpg,without_mask
1346,368.jpg,without_mask
1347,37.jpg,without_mask
1348,370.jpg,without_mask
1349,372.jpg,without_mask
1350,373.jpg,without_mask
1351,374.jpg,without_mask
1352,375.jpg,without_mask
1353,376.jpg,without_mask
1354,378.jpg,without_mask
1355,379.jpg,without_mask
1356,383.jpg,without_mask
1357,384.jpg,without_mask
1358,385.jpg,without_mask
1359,386.jpg,without_mask
1360,387.jpg,without_mask
1361,388.jpg,without_mask
1362,389.jpg,without_mask
1363,39.jpg,without_mask
1364,390.jpg,without_mask
1365,391.jpg,without_mask
1366,392.jpg,without_mask
1367,393.jpg,without_mask
1368,394.jpg,without_mask
1369,395.jpg,without_mask
1370,397.jpg,without_mask
1371,398.jpg,without_mask
1372,399.jpg,without_mask
1373,4.jpg,without_mask
1374,40.jpg,without_mask
1375,400.jpg,without_mask
1376,401.jpg,without_mask
1377,402.jpg,without_mask
1378,403.jpg,without_mask
1379,404.jpg,without_mask
1380,405.jpg,without_mask
1381,406.jpg,without_mask
1382,407.jpg,without_mask
1383,408.jpg,without_mask
1384,409.jpg,without_mask
1385,410.jpg,without_mask
1386,411.jpg,without_mask
1387,412.jpg,without_mask
1388,413.jpg,without_mask
1389,414.jpg,without_mask
1390,415.jpg,without_mask
1391,416.jpg,without_mask
1392,417.jpg,without_mask
1393,419.jpg,without_mask
1394,42.jpg,without_mask
1395,420.jpg,without_mask
1396,421.jpg,without_mask
1397,422.jpg,without_mask
1398,423.jpg,without_mask
1399,424.jpg,without_mask
1400,425.jpg,without_mask
1401,426.jpg,without_mask
1402,427.jpg,without_mask
1403,428.jpg,without_mask
1404,43.jpg,without_mask
1405,430.jpg,without_mask
1406,431.jpg,without_mask
1407,432.jpg,without_mask
1408,434.jpg,without_mask
1409,435.jpg,without_mask
1410,436.jpg,without_mask
1411,437.jpg,without_mask
1412,438.jpg,without_mask
1413,439.jpg,without_mask
1414,44.jpg,without_mask
1415,440.jpg,without_mask
1416,441.jpg,without_mask
1417,442.jpg,without_mask
1418,443.jpg,without_mask
1419,444.jpg,without_mask
1420,445.jpg,without_mask
1421,446.jpg,without_mask
1422,447.jpg,without_mask
1423,448.jpg,without_mask
1424,449.jpg,without_mask
1425,45.jpg,without_mask
1426,450.jpg,without_mask
1427,451.jpg,without_mask
1428,452.jpg,without_mask
1429,453.jpg,without_mask
1430,454.jpg,without_mask
1431,455.jpg,without_mask
1432,456.jpg,without_mask
1433,457.jpg,without_mask
1434,458.jpg,without_mask
1435,459.jpg,without_mask
1436,46.jpg,without_mask
1437,460.jpg,without_mask
1438,461.jpg,without_mask
1439,462.jpg,without_mask
1440,463.jpg,without_mask
1441,464.jpg,without_mask
1442,465.jpg,without_mask
1443,466.jpg,without_mask
1444,467.jpg,without_mask
1445,468.jpg,without_mask
1446,469.jpg,without_mask
1447,47.jpg,without_mask
1448,475.jpg,without_mask
1449,476.jpg,without_mask
1450,477.jpg,without_mask
1451,478.jpg,without_mask
1452,48.jpg,without_mask
1453,480.jpg,without_mask
1454,49.jpg,without_mask
1455,50.jpg,without_mask
1456,51.jpg,without_mask
1457,52.jpg,without_mask
1458,53.jpg,without_mask
1459,54.jpg,without_mask
1460,55.jpg,without_mask
1461,56.jpg,without_mask
1462,57.jpg,without_mask
1463,58.jpg,without_mask
1464,59.jpg,without_mask
1465,6.jpg,without_mask
1466,61.jpg,without_mask
1467,62.jpg,without_mask
1468,63.jpg,without_mask
1469,64.jpg,without_mask
1470,65.jpg,without_mask
1471,66.jpg,without_mask
1472,67.jpg,without_mask
1473,69.jpg,without_mask
1474,7.jpg,without_mask
1475,70.jpg,without_mask
1476,73.jpg,without_mask
1477,74.jpg,without_mask
1478,76.jpg,without_mask
1479,77.jpg,without_mask
1480,79.jpg,without_mask
1481,80.jpg,without_mask
1482,81.jpg,without_mask
1483,83.jpg,without_mask
1484,84.jpg,without_mask
1485,86.jpg,without_mask
1486,87.jpg,without_mask
1487,88.jpg,without_mask
1488,89.jpg,without_mask
1489,9.jpg,without_mask
1490,90.jpg,without_mask
1491,91.jpg,without_mask
1492,92.jpg,without_mask
1493,93.jpg,without_mask
1494,94.jpg,without_mask
1495,95.jpg,without_mask
1496,96.jpg,without_mask
1497,97.jpg,without_mask
1498,98.jpg,without_mask
1499,99.jpg,without_mask
1500,augmented_image_1.jpg,without_mask
1501,augmented_image_100.jpg,without_mask
1502,augmented_image_101.jpg,without_mask
1503,augmented_image_103.jpg,without_mask
1504,augmented_image_105.jpg,without_mask
1505,augmented_image_106.jpg,without_mask
1506,augmented_image_107.jpg,without_mask
1507,augmented_image_109.jpg,without_mask
1508,augmented_image_111.jpg,without_mask
1509,augmented_image_112.jpg,without_mask
1510,augmented_image_113.jpg,without_mask
1511,augmented_image_114.jpg,without_mask
1512,augmented_image_115.jpg,without_mask
1513,augmented_image_116.jpg,without_mask
1514,augmented_image_117.jpg,without_mask
1515,augmented_image_118.jpg,without_mask
1516,augmented_image_119.jpg,without_mask
1517,augmented_image_12.jpg,without_mask
1518,augmented_image_120.jpg,without_mask
1519,augmented_image_121.jpg,without_mask
1520,augmented_image_122.jpg,without_mask
1521,augmented_image_123.jpg,without_mask
1522,augmented_image_124.jpg,without_mask
1523,augmented_image_125.jpg,without_mask
1524,augmented_image_126.jpg,without_mask
1525,augmented_image_127.jpg,without_mask
1526,augmented_image_128.jpg,without_mask
1527,augmented_image_129.jpg,without_mask
1528,augmented_image_13.jpg,without_mask
1529,augmented_image_130.jpg,without_mask
1530,augmented_image_131.jpg,without_mask
1531,augmented_image_132.jpg,without_mask
1532,augmented_image_133.jpg,without_mask
1533,augmented_image_134.jpg,without_mask
1534,augmented_image_135.jpg,without_mask
1535,augmented_image_136.jpg,without_mask
1536,augmented_image_137.jpg,without_mask
1537,augmented_image_138.jpg,without_mask
1538,augmented_image_139.jpg,without_mask
1539,augmented_image_14.jpg,without_mask
1540,augmented_image_140.jpg,without_mask
1541,augmented_image_141.jpg,without_mask
1542,augmented_image_142.jpg,without_mask
1543,augmented_image_143.jpg,without_mask
1544,augmented_image_144.jpg,without_mask
1545,augmented_image_145.jpg,without_mask
1546,augmented_image_147.jpg,without_mask
1547,augmented_image_148.jpg,without_mask
1548,augmented_image_149.jpg,without_mask
1549,augmented_image_150.jpg,without_mask
1550,augmented_image_151.jpg,without_mask
1551,augmented_image_152.jpg,without_mask
1552,augmented_image_153.jpg,without_mask
1553,augmented_image_154.jpg,without_mask
1554,augmented_image_155.jpg,without_mask
1555,augmented_image_156.jpg,without_mask
1556,augmented_image_157.jpg,without_mask
1557,augmented_image_158.jpg,without_mask
1558,augmented_image_16.jpg,without_mask
1559,augmented_image_160.jpg,without_mask
1560,augmented_image_161.jpg,without_mask
1561,augmented_image_162.jpg,without_mask
1562,augmented_image_163.jpg,without_mask
1563,augmented_image_164.jpg,without_mask
1564,augmented_image_165.jpg,without_mask
1565,augmented_image_166.jpg,without_mask
1566,augmented_image_168.jpg,without_mask
1567,augmented_image_169.jpg,without_mask
1568,augmented_image_17.jpg,without_mask
1569,augmented_image_170.jpg,without_mask
1570,augmented_image_171.jpg,without_mask
1571,augmented_image_172.jpg,without_mask
1572,augmented_image_173.jpg,without_mask
1573,augmented_image_174.jpg,without_mask
1574,augmented_image_175.jpg,without_mask
1575,augmented_image_176.jpg,without_mask
1576,augmented_image_177.jpg,without_mask
1577,augmented_image_178.jpg,without_mask
1578,augmented_image_179.jpg,without_mask
1579,augmented_image_18.jpg,without_mask
1580,augmented_image_180.jpg,without_mask
1581,augmented_image_181.jpg,without_mask
1582,augmented_image_182.jpg,without_mask
1583,augmented_image_183.jpg,without_mask
1584,augmented_image_184.jpg,without_mask
1585,augmented_image_185.jpg,without_mask
1586,augmented_image_186.jpg,without_mask
1587,augmented_image_187.jpg,without_mask
1588,augmented_image_188.jpg,without_mask
1589,augmented_image_189.jpg,without_mask
1590,augmented_image_19.jpg,without_mask
1591,augmented_image_191.jpg,without_mask
1592,augmented_image_192.jpg,without_mask
1593,augmented_image_193.jpg,without_mask
1594,augmented_image_194.jpg,without_mask
1595,augmented_image_196.jpg,without_mask
1596,augmented_image_197.jpg,without_mask
1597,augmented_image_198.jpg,without_mask
1598,augmented_image_199.jpg,without_mask
1599,augmented_image_2.jpg,without_mask
1600,augmented_image_20.jpg,without_mask
1601,augmented_image_200.jpg,without_mask
1602,augmented_image_201.jpg,without_mask
1603,augmented_image_202.jpg,without_mask
1604,augmented_image_203.jpg,without_mask
1605,augmented_image_204.jpg,without_mask
1606,augmented_image_205.jpg,without_mask
1607,augmented_image_206.jpg,without_mask
1608,augmented_image_207.jpg,without_mask
1609,augmented_image_208.jpg,without_mask
1610,augmented_image_209.jpg,without_mask
1611,augmented_image_21.jpg,without_mask
1612,augmented_image_210.jpg,without_mask
1613,augmented_image_211.jpg,without_mask
1614,augmented_image_214.jpg,without_mask
1615,augmented_image_215.jpg,without_mask
1616,augmented_image_216.jpg,without_mask
1617,augmented_image_219.jpg,without_mask
1618,augmented_image_22.jpg,without_mask
1619,augmented_image_220.jpg,without_mask
1620,augmented_image_221.jpg,without_mask
1621,augmented_image_222.jpg,without_mask
1622,augmented_image_223.jpg,without_mask
1623,augmented_image_224.jpg,without_mask
1624,augmented_image_225.jpg,without_mask
1625,augmented_image_226.jpg,without_mask
1626,augmented_image_227.jpg,without_mask
1627,augmented_image_229.jpg,without_mask
1628,augmented_image_23.jpg,without_mask
1629,augmented_image_230.jpg,without_mask
1630,augmented_image_231.jpg,without_mask
1631,augmented_image_232.jpg,without_mask
1632,augmented_image_233.jpg,without_mask
1633,augmented_image_234.jpg,without_mask
1634,augmented_image_235.jpg,without_mask
1635,augmented_image_236.jpg,without_mask
1636,augmented_image_237.jpg,without_mask
1637,augmented_image_238.jpg,without_mask
1638,augmented_image_239.jpg,without_mask
1639,augmented_image_240.jpg,without_mask
